[
    {
        "values": [
            2016.0, 
            2017.0, 
            2018.0, 
            2019.0, 
            2020.0, 
            2021.0
        ], 
        "name": "year"
    }, 
    {
        "values": [
            4568.9, 
            5323.4, 
            5689.7, 
            6784.5, 
            8657.2, 
            9922.4
        ], 
        "name": "\u65b9\u6848\u4e00"
    }, 
    {
        "values": [
            6618.92304388, 
            7359.418507072, 
            7865.80194732, 
            8993.02904376, 
            9486.3235614, 
            11029.110401952
        ], 
        "name": "\u65b9\u6848\u4e8c"
    }, 
    {
        "values": [
            6987.78, 
            7892.78, 
            8067.68, 
            8862.5, 
            9242.4, 
            10378.98
        ], 
        "name": "\u65b9\u6848\u4e09"
    }, 
    {
        "values": [
            3456.0, 
            4656.0, 
            "", 
            "", 
            "", 
            ""
        ], 
        "name": "\u5b9e\u9645"
    }
]