[
    {
        "values": [
            {
                "rid": "irr_col0_row0", 
                "value": "\u5f00\u4e1a\u540e\u987a\u5ef6\u5e74NOI"
            }, 
            {
                "rid": "irr_col1_row0", 
                "value": "\u5907\u6ce8"
            }, 
            {
                "rid": "irr_col2_row0", 
                "value": "\u7b2c\u4e00\u5e74"
            }, 
            {
                "rid": "irr_col3_row0", 
                "value": "\u7b2c\u4e8c\u5e74"
            }, 
            {
                "rid": "irr_col4_row0", 
                "value": "\u7b2c\u4e09\u5e74"
            }, 
            {
                "rid": "irr_col5_row0", 
                "value": "\u7b2c\u56db\u5e74"
            }, 
            {
                "rid": "irr_col6_row0", 
                "value": "\u7b2c\u4e94\u5e74"
            }, 
            {
                "rid": "irr_col7_row0", 
                "value": "\u7b2c\u516d\u5e74"
            }, 
            {
                "rid": "irr_col8_row0", 
                "value": "\u7b2c\u4e03\u5e74"
            }, 
            {
                "rid": "irr_col9_row0", 
                "value": "\u7b2c\u516b\u5e74"
            }, 
            {
                "rid": "irr_col10_row0", 
                "value": "\u7b2c\u4e5d\u5e74"
            }, 
            {
                "rid": "irr_col11_row0", 
                "value": "\u7b2c\u5341\u5e74"
            }
        ]
    }, 
    {
        "values": [
            {
                "rid": "irr_col0_row1", 
                "value": "\u79df\u91d1\uff08\u4e07\u5143\uff09"
            }, 
            {
                "value": ""
            }, 
            {
                "value": ""
            }, 
            {
                "value": ""
            }, 
            {
                "value": ""
            }, 
            {
                "value": ""
            }, 
            {
                "value": ""
            }, 
            {
                "value": ""
            }, 
            {
                "value": ""
            }, 
            {
                "value": ""
            }, 
            {
                "value": ""
            }, 
            {
                "value": ""
            }
        ]
    }, 
    {
        "values": [
            {
                "rid": "irr_col0_row2", 
                "value": "\u4e3b\u529b\u5e97\u79df\u91d1\u6536\u5165"
            }, 
            {
                "rid": "irr_col1_row2", 
                "value": 27121.0
            }, 
            {
                "rid": "irr_col2_row2", 
                "value": 2625.4
            }, 
            {
                "rid": "irr_col3_row2", 
                "value": 2756.7
            }, 
            {
                "rid": "irr_col4_row2", 
                "value": 2894.5
            }, 
            {
                "rid": "irr_col5_row2", 
                "value": 3039.2
            }, 
            {
                "rid": "irr_col6_row2", 
                "value": 3191.2
            }, 
            {
                "rid": "irr_col7_row2", 
                "value": 3350.8
            }, 
            {
                "rid": "irr_col8_row2", 
                "value": 3518.3
            }, 
            {
                "rid": "irr_col9_row2", 
                "value": 3694.2
            }, 
            {
                "rid": "irr_col10_row2", 
                "value": 3878.9
            }, 
            {
                "rid": "irr_col11_row2", 
                "value": 4072.9
            }
        ]
    }, 
    {
        "values": [
            {
                "rid": "irr_col0_row3", 
                "value": "\u975e\u4e3b\u529b\u5e97\u79df\u91d1"
            }, 
            {
                "rid": "irr_col1_row3", 
                "value": 30255.0
            }, 
            {
                "rid": "irr_col2_row3", 
                "value": 6964.9
            }, 
            {
                "rid": "irr_col3_row3", 
                "value": 7075.5
            }, 
            {
                "rid": "irr_col4_row3", 
                "value": 7429.3
            }, 
            {
                "rid": "irr_col5_row3", 
                "value": 8410.6
            }, 
            {
                "rid": "irr_col6_row3", 
                "value": 8831.1
            }, 
            {
                "rid": "irr_col7_row3", 
                "value": 10648.0
            }, 
            {
                "rid": "irr_col8_row3", 
                "value": 12054.5
            }, 
            {
                "rid": "irr_col9_row3", 
                "value": 13645.1
            }, 
            {
                "rid": "irr_col10_row3", 
                "value": 15446.3
            }, 
            {
                "rid": "irr_col11_row3", 
                "value": 17485.2
            }
        ]
    }, 
    {
        "values": [
            {
                "rid": "irr_col0_row4", 
                "value": "\u975e\u4e3b\u529b\u5e97\u7a7a\u7f6e\u7387"
            }, 
            {
                "value": ""
            }, 
            {
                "rid": "irr_col2_row4", 
                "value": 0.15
            }, 
            {
                "rid": "irr_col3_row4", 
                "value": 0.08
            }, 
            {
                "rid": "irr_col4_row4", 
                "value": 0.05
            }, 
            {
                "rid": "irr_col5_row4", 
                "value": 0.03
            }, 
            {
                "rid": "irr_col6_row4", 
                "value": 0.03
            }, 
            {
                "rid": "irr_col7_row4", 
                "value": 0.03
            }, 
            {
                "rid": "irr_col8_row4", 
                "value": 0.03
            }, 
            {
                "rid": "irr_col9_row4", 
                "value": 0.03
            }, 
            {
                "rid": "irr_col10_row4", 
                "value": 0.03
            }, 
            {
                "rid": "irr_col11_row4", 
                "value": 0.03
            }
        ]
    }, 
    {
        "values": [
            {
                "rid": "irr_col0_row5", 
                "value": "\u79df\u91d1\u603b\u6536\u5165"
            }, 
            {
                "value": ""
            }, 
            {
                "rid": "irr_col2_row5", 
                "value": 8545.565
            }, 
            {
                "rid": "irr_col3_row5", 
                "value": 9266.16
            }, 
            {
                "rid": "irr_col4_row5", 
                "value": 9952.335
            }, 
            {
                "rid": "irr_col5_row5", 
                "value": 11197.482
            }, 
            {
                "rid": "irr_col6_row5", 
                "value": 11757.367
            }, 
            {
                "rid": "irr_col7_row5", 
                "value": 13679.36
            }, 
            {
                "rid": "irr_col8_row5", 
                "value": 15211.165
            }, 
            {
                "rid": "irr_col9_row5", 
                "value": 16929.947
            }, 
            {
                "rid": "irr_col10_row5", 
                "value": 18861.811
            }, 
            {
                "rid": "irr_col11_row5", 
                "value": 21033.544
            }
        ]
    }, 
    {
        "values": [
            {
                "rid": "irr_col0_row6", 
                "value": "\u7269\u4e1a\u7ba1\u7406\u8d39"
            }, 
            {
                "value": ""
            }, 
            {
                "value": ""
            }, 
            {
                "value": ""
            }, 
            {
                "value": ""
            }, 
            {
                "value": ""
            }, 
            {
                "value": ""
            }, 
            {
                "value": ""
            }, 
            {
                "value": ""
            }, 
            {
                "value": ""
            }, 
            {
                "value": ""
            }, 
            {
                "value": ""
            }
        ]
    }, 
    {
        "values": [
            {
                "rid": "irr_col0_row7", 
                "value": "\u4e3b\u529b\u5e97\u7269\u4e1a\u7ba1\u7406\u8d39"
            }, 
            {
                "value": ""
            }, 
            {
                "rid": "irr_col2_row7", 
                "value": 715.9944
            }, 
            {
                "rid": "irr_col3_row7", 
                "value": 715.9944
            }, 
            {
                "rid": "irr_col4_row7", 
                "value": 715.9944
            }, 
            {
                "rid": "irr_col5_row7", 
                "value": 715.9944
            }, 
            {
                "rid": "irr_col6_row7", 
                "value": 715.9944
            }, 
            {
                "rid": "irr_col7_row7", 
                "value": 715.9944
            }, 
            {
                "rid": "irr_col8_row7", 
                "value": 715.9944
            }, 
            {
                "rid": "irr_col9_row7", 
                "value": 715.9944
            }, 
            {
                "rid": "irr_col10_row7", 
                "value": 715.9944
            }, 
            {
                "rid": "irr_col11_row7", 
                "value": 715.9944
            }
        ]
    }, 
    {
        "values": [
            {
                "rid": "irr_col0_row8", 
                "value": "\u975e\u4e3b\u529b\u5e97\u7269\u4e1a\u7ba1\u7406\u8d39"
            }, 
            {
                "value": ""
            }, 
            {
                "rid": "irr_col2_row8", 
                "value": 1597.464
            }, 
            {
                "rid": "irr_col3_row8", 
                "value": 1597.464
            }, 
            {
                "rid": "irr_col4_row8", 
                "value": 1597.464
            }, 
            {
                "rid": "irr_col5_row8", 
                "value": 1597.464
            }, 
            {
                "rid": "irr_col6_row8", 
                "value": 1597.464
            }, 
            {
                "rid": "irr_col7_row8", 
                "value": 1597.464
            }, 
            {
                "rid": "irr_col8_row8", 
                "value": 1597.464
            }, 
            {
                "rid": "irr_col9_row8", 
                "value": 1597.464
            }, 
            {
                "rid": "irr_col10_row8", 
                "value": 1597.464
            }, 
            {
                "rid": "irr_col11_row8", 
                "value": 1597.464
            }
        ]
    }, 
    {
        "values": [
            {
                "rid": "irr_col0_row9", 
                "value": "\u975e\u4e3b\u529b\u5e97\u7a7a\u7f6e\u7387"
            }, 
            {
                "value": ""
            }, 
            {
                "rid": "irr_col2_row9", 
                "value": 0.15
            }, 
            {
                "rid": "irr_col3_row9", 
                "value": 0.08
            }, 
            {
                "rid": "irr_col4_row9", 
                "value": 0.05
            }, 
            {
                "rid": "irr_col5_row9", 
                "value": 0.03
            }, 
            {
                "rid": "irr_col6_row9", 
                "value": 0.03
            }, 
            {
                "rid": "irr_col7_row9", 
                "value": 0.03
            }, 
            {
                "rid": "irr_col8_row9", 
                "value": 0.03
            }, 
            {
                "rid": "irr_col9_row9", 
                "value": 0.03
            }, 
            {
                "rid": "irr_col10_row9", 
                "value": 0.03
            }, 
            {
                "rid": "irr_col11_row9", 
                "value": 0.03
            }
        ]
    }, 
    {
        "values": [
            {
                "rid": "irr_col0_row10", 
                "value": "\u7269\u4e1a\u8d39\u9012\u589e\u7387"
            }, 
            {
                "value": ""
            }, 
            {
                "value": ""
            }, 
            {
                "value": ""
            }, 
            {
                "value": ""
            }, 
            {
                "value": ""
            }, 
            {
                "value": ""
            }, 
            {
                "value": ""
            }, 
            {
                "value": ""
            }, 
            {
                "value": ""
            }, 
            {
                "value": ""
            }, 
            {
                "value": ""
            }
        ]
    }, 
    {
        "values": [
            {
                "rid": "irr_col0_row11", 
                "value": "\u7269\u4e1a\u7ba1\u7406\u8d39\u603b\u6536\u5165"
            }, 
            {
                "value": ""
            }, 
            {
                "rid": "irr_col2_row11", 
                "value": 2073.8388
            }, 
            {
                "rid": "irr_col3_row11", 
                "value": 2185.66128
            }, 
            {
                "rid": "irr_col4_row11", 
                "value": 2233.5852
            }, 
            {
                "rid": "irr_col5_row11", 
                "value": 2265.53448
            }, 
            {
                "rid": "irr_col6_row11", 
                "value": 2265.53448
            }, 
            {
                "rid": "irr_col7_row11", 
                "value": 2265.53448
            }, 
            {
                "rid": "irr_col8_row11", 
                "value": 2265.53448
            }, 
            {
                "rid": "irr_col9_row11", 
                "value": 2265.53448
            }, 
            {
                "rid": "irr_col10_row11", 
                "value": 2265.53448
            }, 
            {
                "rid": "irr_col11_row11", 
                "value": 2265.53448
            }
        ]
    }, 
    {
        "values": [
            {
                "rid": "irr_col0_row12", 
                "value": "\u591a\u7ecf\u6536\u5165"
            }, 
            {
                "value": ""
            }, 
            {
                "value": ""
            }, 
            {
                "value": ""
            }, 
            {
                "value": ""
            }, 
            {
                "value": ""
            }, 
            {
                "value": ""
            }, 
            {
                "value": ""
            }, 
            {
                "value": ""
            }, 
            {
                "value": ""
            }, 
            {
                "value": ""
            }, 
            {
                "value": ""
            }
        ]
    }, 
    {
        "values": [
            {
                "rid": "irr_col0_row13", 
                "value": "\u591a\u7ecf\u6536\u5165\u5360\u6bd4"
            }, 
            {
                "rid": "irr_col1_row13", 
                "value": 0.06
            }, 
            {
                "rid": "irr_col2_row13", 
                "value": 512.7339
            }, 
            {
                "rid": "irr_col3_row13", 
                "value": 555.9696
            }, 
            {
                "rid": "irr_col4_row13", 
                "value": 597.1401
            }, 
            {
                "rid": "irr_col5_row13", 
                "value": 671.84892
            }, 
            {
                "rid": "irr_col6_row13", 
                "value": 705.44202
            }, 
            {
                "rid": "irr_col7_row13", 
                "value": 820.7616
            }, 
            {
                "rid": "irr_col8_row13", 
                "value": 912.6699
            }, 
            {
                "rid": "irr_col9_row13", 
                "value": 1015.79682
            }, 
            {
                "rid": "irr_col10_row13", 
                "value": 1131.70866
            }, 
            {
                "rid": "irr_col11_row13", 
                "value": 1262.01264
            }
        ]
    }, 
    {
        "values": [
            {
                "rid": "irr_col0_row14", 
                "value": "\u603b\u7ecf\u8425\u6536\u5165"
            }, 
            {
                "rid": "irr_col1_row14", 
                "value": "Total Revenue"
            }, 
            {
                "rid": "irr_col2_row14", 
                "value": 11132.1377
            }, 
            {
                "rid": "irr_col3_row14", 
                "value": 12007.79088
            }, 
            {
                "rid": "irr_col4_row14", 
                "value": 12783.0603
            }, 
            {
                "rid": "irr_col5_row14", 
                "value": 14134.8654
            }, 
            {
                "rid": "irr_col6_row14", 
                "value": 14728.3435
            }, 
            {
                "rid": "irr_col7_row14", 
                "value": 16765.65608
            }, 
            {
                "rid": "irr_col8_row14", 
                "value": 18389.36938
            }, 
            {
                "rid": "irr_col9_row14", 
                "value": 20211.2783
            }, 
            {
                "rid": "irr_col10_row14", 
                "value": 22259.05414
            }, 
            {
                "rid": "irr_col11_row14", 
                "value": 24561.09112
            }
        ]
    }, 
    {
        "values": [
            {
                "rid": "irr_col0_row15", 
                "value": "\u7a0e"
            }, 
            {
                "value": ""
            }, 
            {
                "value": ""
            }, 
            {
                "value": ""
            }, 
            {
                "value": ""
            }, 
            {
                "value": ""
            }, 
            {
                "value": ""
            }, 
            {
                "value": ""
            }, 
            {
                "value": ""
            }, 
            {
                "value": ""
            }, 
            {
                "value": ""
            }, 
            {
                "value": ""
            }
        ]
    }, 
    {
        "values": [
            {
                "rid": "irr_col0_row16", 
                "value": "\u623f\u4ea7\u7a0e"
            }, 
            {
                "rid": "irr_col1_row16", 
                "value": 0.12
            }, 
            {
                "rid": "irr_col2_row16", 
                "value": 1025.4678
            }, 
            {
                "rid": "irr_col3_row16", 
                "value": 1111.9392
            }, 
            {
                "rid": "irr_col4_row16", 
                "value": 1194.2802
            }, 
            {
                "rid": "irr_col5_row16", 
                "value": 1343.69784
            }, 
            {
                "rid": "irr_col6_row16", 
                "value": 1410.88404
            }, 
            {
                "rid": "irr_col7_row16", 
                "value": 1641.5232
            }, 
            {
                "rid": "irr_col8_row16", 
                "value": 1825.3398
            }, 
            {
                "rid": "irr_col9_row16", 
                "value": 2031.59364
            }, 
            {
                "rid": "irr_col10_row16", 
                "value": 2263.41732
            }, 
            {
                "rid": "irr_col11_row16", 
                "value": 2524.02528
            }
        ]
    }, 
    {
        "values": [
            {
                "rid": "irr_col0_row17", 
                "value": "\u8425\u4e1a\u7a0e"
            }, 
            {
                "rid": "irr_col1_row17", 
                "value": 0.0556
            }, 
            {
                "rid": "irr_col2_row17", 
                "value": 618.94685612
            }, 
            {
                "rid": "irr_col3_row17", 
                "value": 667.633172928
            }, 
            {
                "rid": "irr_col4_row17", 
                "value": 710.73815268
            }, 
            {
                "rid": "irr_col5_row17", 
                "value": 785.89851624
            }, 
            {
                "rid": "irr_col6_row17", 
                "value": 818.8958986
            }, 
            {
                "rid": "irr_col7_row17", 
                "value": 932.170478048
            }, 
            {
                "rid": "irr_col8_row17", 
                "value": 1022.448937528
            }, 
            {
                "rid": "irr_col9_row17", 
                "value": 1123.74707348
            }, 
            {
                "rid": "irr_col10_row17", 
                "value": 1237.603410184
            }, 
            {
                "rid": "irr_col11_row17", 
                "value": 1365.596666272
            }
        ]
    }, 
    {
        "values": [
            {
                "rid": "irr_col0_row18", 
                "value": "\u7ecf\u8425\u8d39\u7528"
            }, 
            {
                "value": ""
            }, 
            {
                "value": ""
            }, 
            {
                "value": ""
            }, 
            {
                "value": ""
            }, 
            {
                "value": ""
            }, 
            {
                "value": ""
            }, 
            {
                "value": ""
            }, 
            {
                "value": ""
            }, 
            {
                "value": ""
            }, 
            {
                "value": ""
            }, 
            {
                "value": ""
            }
        ]
    }, 
    {
        "values": [
            {
                "rid": "irr_col0_row19", 
                "value": "\u7ecf\u8425\u8d39\u7528\u9012\u589e\u7387"
            }, 
            {
                "value": ""
            }, 
            {
                "rid": "irr_col2_row19", 
                "value": 0.0
            }, 
            {
                "rid": "irr_col3_row19", 
                "value": 0.0
            }, 
            {
                "rid": "irr_col4_row19", 
                "value": 0.05
            }, 
            {
                "rid": "irr_col5_row19", 
                "value": 0.0
            }, 
            {
                "rid": "irr_col6_row19", 
                "value": 0.0
            }, 
            {
                "rid": "irr_col7_row19", 
                "value": 0.05
            }, 
            {
                "rid": "irr_col8_row19", 
                "value": 0.0
            }, 
            {
                "rid": "irr_col9_row19", 
                "value": 0.0
            }, 
            {
                "rid": "irr_col10_row19", 
                "value": 0.05
            }, 
            {
                "rid": "irr_col11_row19", 
                "value": 0.0
            }
        ]
    }, 
    {
        "values": [
            {
                "rid": "irr_col0_row20", 
                "value": "\u7ecf\u8425\u8d39\u7528"
            }, 
            {
                "rid": "irr_col1_row20", 
                "value": 500.0
            }, 
            {
                "rid": "irr_col2_row20", 
                "value": 2868.8
            }, 
            {
                "rid": "irr_col3_row20", 
                "value": 2868.8
            }, 
            {
                "rid": "irr_col4_row20", 
                "value": 3012.24
            }, 
            {
                "rid": "irr_col5_row20", 
                "value": 3012.24
            }, 
            {
                "rid": "irr_col6_row20", 
                "value": 3012.24
            }, 
            {
                "rid": "irr_col7_row20", 
                "value": 3162.852
            }, 
            {
                "rid": "irr_col8_row20", 
                "value": 3162.852
            }, 
            {
                "rid": "irr_col9_row20", 
                "value": 3162.852
            }, 
            {
                "rid": "irr_col10_row20", 
                "value": 3320.9946
            }, 
            {
                "rid": "irr_col11_row20", 
                "value": 3320.9946
            }
        ]
    }, 
    {
        "values": [
            {
                "rid": "irr_col0_row21", 
                "value": "\u603b\u7ecf\u8425\u8d39\u7528\u5360\u6bd4"
            }, 
            {
                "rid": "irr_col1_row21", 
                "value": "\u6bd4\u7269\u4e1a\u7ba1\u7406\u6536\u5165"
            }, 
            {
                "rid": "irr_col2_row21", 
                "value": 1.38332834741061
            }, 
            {
                "rid": "irr_col3_row21", 
                "value": 1.31255470655545
            }, 
            {
                "rid": "irr_col4_row21", 
                "value": 1.34861208786663
            }, 
            {
                "rid": "irr_col5_row21", 
                "value": 1.32959353591476
            }, 
            {
                "rid": "irr_col6_row21", 
                "value": 1.32959353591476
            }, 
            {
                "rid": "irr_col7_row21", 
                "value": 1.39607321271049
            }, 
            {
                "rid": "irr_col8_row21", 
                "value": 1.39607321271049
            }, 
            {
                "rid": "irr_col9_row21", 
                "value": 1.39607321271049
            }, 
            {
                "rid": "irr_col10_row21", 
                "value": 1.46587687334602
            }, 
            {
                "rid": "irr_col11_row21", 
                "value": 1.46587687334602
            }
        ]
    }, 
    {
        "values": [
            {
                "rid": "irr_col0_row22", 
                "value": "\u603b\u7ecf\u8425\u8d39\u7528"
            }, 
            {
                "rid": "irr_col1_row22", 
                "value": "Expense"
            }, 
            {
                "rid": "irr_col2_row22", 
                "value": 4513.21465612
            }, 
            {
                "rid": "irr_col3_row22", 
                "value": 4648.372372928
            }, 
            {
                "rid": "irr_col4_row22", 
                "value": 4917.25835268
            }, 
            {
                "rid": "irr_col5_row22", 
                "value": 5141.83635624
            }, 
            {
                "rid": "irr_col6_row22", 
                "value": 5242.0199386
            }, 
            {
                "rid": "irr_col7_row22", 
                "value": 5736.545678048
            }, 
            {
                "rid": "irr_col8_row22", 
                "value": 6010.640737528
            }, 
            {
                "rid": "irr_col9_row22", 
                "value": 6318.19271348
            }, 
            {
                "rid": "irr_col10_row22", 
                "value": 6822.015330184
            }, 
            {
                "rid": "irr_col11_row22", 
                "value": 7210.616546272
            }
        ]
    }, 
    {
        "values": [
            {
                "rid": "irr_col0_row23", 
                "value": "NOI"
            }, 
            {
                "value": ""
            }, 
            {
                "rid": "irr_col2_row23", 
                "value": "\u7b2c\u4e00\u5e74"
            }, 
            {
                "rid": "irr_col3_row23", 
                "value": "\u7b2c\u4e8c\u5e74"
            }, 
            {
                "rid": "irr_col4_row23", 
                "value": "\u7b2c\u4e09\u5e74"
            }, 
            {
                "rid": "irr_col5_row23", 
                "value": "\u7b2c\u56db\u5e74"
            }, 
            {
                "rid": "irr_col6_row23", 
                "value": "\u7b2c\u4e94\u5e74"
            }, 
            {
                "rid": "irr_col7_row23", 
                "value": "\u7b2c\u516d\u5e74"
            }, 
            {
                "rid": "irr_col8_row23", 
                "value": "\u7b2c\u4e03\u5e74"
            }, 
            {
                "rid": "irr_col9_row23", 
                "value": "\u7b2c\u516b\u5e74"
            }, 
            {
                "rid": "irr_col10_row23", 
                "value": "\u7b2c\u4e5d\u5e74"
            }, 
            {
                "rid": "irr_col11_row23", 
                "value": "\u7b2c\u5341\u5e74"
            }
        ]
    }, 
    {
        "values": [
            {
                "rid": "irr_col0_row24", 
                "value": "\u51c0\u6536\u5165=\u603b\u6536\u5165-\u603b\u8d39\u7528"
            }, 
            {
                "rid": "irr_col1_row24", 
                "value": -110400.0
            }, 
            {
                "rid": "irr_col2_row24", 
                "value": 6618.92304388
            }, 
            {
                "rid": "irr_col3_row24", 
                "value": 7359.418507072
            }, 
            {
                "rid": "irr_col4_row24", 
                "value": 7865.80194732
            }, 
            {
                "rid": "irr_col5_row24", 
                "value": 8993.02904376
            }, 
            {
                "rid": "irr_col6_row24", 
                "value": 9486.3235614
            }, 
            {
                "rid": "irr_col7_row24", 
                "value": 11029.110401952
            }, 
            {
                "rid": "irr_col8_row24", 
                "value": 12378.728642472
            }, 
            {
                "rid": "irr_col9_row24", 
                "value": 13893.08558652
            }, 
            {
                "rid": "irr_col10_row24", 
                "value": 15437.038809816
            }, 
            {
                "rid": "irr_col11_row24", 
                "value": 17350.474573728
            }
        ]
    }, 
    {
        "values": [
            {
                "rid": "irr_col0_row25", 
                "value": "ROI"
            }, 
            {
                "value": ""
            }, 
            {
                "rid": "irr_col2_row25", 
                "value": 0.0599540130786232
            }, 
            {
                "rid": "irr_col3_row25", 
                "value": 0.0666613995205797
            }, 
            {
                "rid": "irr_col4_row25", 
                "value": 0.0712482060445652
            }, 
            {
                "rid": "irr_col5_row25", 
                "value": 0.0814585964108696
            }, 
            {
                "rid": "irr_col6_row25", 
                "value": 0.0859268438532609
            }, 
            {
                "rid": "irr_col7_row25", 
                "value": 0.0999013623365217
            }, 
            {
                "rid": "irr_col8_row25", 
                "value": 0.112126165239783
            }, 
            {
                "rid": "irr_col9_row25", 
                "value": 0.125843166544565
            }, 
            {
                "rid": "irr_col10_row25", 
                "value": 0.139828250088913
            }, 
            {
                "rid": "irr_col11_row25", 
                "value": 0.157160095776522
            }
        ]
    }, 
    {
        "values": [
            {
                "rid": "irr_col0_row26", 
                "value": "\u4e0d\u8003\u8651\u9000\u51fa \u9759\u6001\u56de\u6536\u671f"
            }, 
            {
                "value": ""
            }, 
            {
                "rid": "irr_col2_row26", 
                "value": -103781.07695612
            }, 
            {
                "rid": "irr_col3_row26", 
                "value": -96421.658449048
            }, 
            {
                "rid": "irr_col4_row26", 
                "value": -88555.856501728
            }, 
            {
                "rid": "irr_col5_row26", 
                "value": -79562.827457968
            }, 
            {
                "rid": "irr_col6_row26", 
                "value": -70076.503896568
            }, 
            {
                "rid": "irr_col7_row26", 
                "value": -59047.393494616
            }, 
            {
                "rid": "irr_col8_row26", 
                "value": -46668.664852144
            }, 
            {
                "rid": "irr_col9_row26", 
                "value": -32775.579265624
            }, 
            {
                "rid": "irr_col10_row26", 
                "value": -17338.540455808
            }, 
            {
                "rid": "irr_col11_row26", 
                "value": 11.9341179200055
            }
        ]
    }, 
    {
        "values": [
            {
                "rid": "irr_col0_row27", 
                "value": " \u9759\u6001\u73b0\u91d1\u6d41"
            }, 
            {
                "value": ""
            }, 
            {
                "value": ""
            }, 
            {
                "value": ""
            }, 
            {
                "value": ""
            }, 
            {
                "value": ""
            }, 
            {
                "value": ""
            }, 
            {
                "value": ""
            }, 
            {
                "value": ""
            }, 
            {
                "value": ""
            }, 
            {
                "value": ""
            }, 
            {
                "value": ""
            }
        ]
    }, 
    {
        "values": [
            {
                "rid": "irr_col0_row28", 
                "value": "\u6301\u7eed\u6027\u8d44\u672c\u6027\u652f\u51fa"
            }, 
            {
                "value": ""
            }, 
            {
                "value": ""
            }, 
            {
                "value": ""
            }, 
            {
                "value": ""
            }, 
            {
                "value": ""
            }, 
            {
                "value": ""
            }, 
            {
                "value": ""
            }, 
            {
                "value": ""
            }, 
            {
                "value": ""
            }, 
            {
                "value": ""
            }, 
            {
                "value": ""
            }
        ]
    }, 
    {
        "values": [
            {
                "rid": "irr_col0_row29", 
                "value": "\u79df\u8d41\u4f63\u91d1"
            }, 
            {
                "value": ""
            }, 
            {
                "value": ""
            }, 
            {
                "value": ""
            }, 
            {
                "value": ""
            }, 
            {
                "value": ""
            }, 
            {
                "value": ""
            }, 
            {
                "value": ""
            }, 
            {
                "value": ""
            }, 
            {
                "value": ""
            }, 
            {
                "value": ""
            }, 
            {
                "value": ""
            }
        ]
    }, 
    {
        "values": [
            {
                "rid": "irr_col0_row30", 
                "value": "\u9000\u51fa\u8003\u8651"
            }, 
            {
                "rid": "irr_col1_row30", 
                "value": "\u9000\u51fa\u8003\u8651"
            }, 
            {
                "value": ""
            }, 
            {
                "value": ""
            }, 
            {
                "value": ""
            }, 
            {
                "value": ""
            }, 
            {
                "value": ""
            }, 
            {
                "value": ""
            }, 
            {
                "value": ""
            }, 
            {
                "value": ""
            }, 
            {
                "value": ""
            }, 
            {
                "value": ""
            }
        ]
    }, 
    {
        "values": [
            {
                "rid": "irr_col0_row31", 
                "value": " \u9000\u51fa\u5e74"
            }, 
            {
                "rid": "irr_col1_row31", 
                "value": 10.0
            }, 
            {
                "value": ""
            }, 
            {
                "value": ""
            }, 
            {
                "value": ""
            }, 
            {
                "value": ""
            }, 
            {
                "value": ""
            }, 
            {
                "value": ""
            }, 
            {
                "value": ""
            }, 
            {
                "value": ""
            }, 
            {
                "value": ""
            }, 
            {
                "value": ""
            }
        ]
    }, 
    {
        "values": [
            {
                "rid": "irr_col0_row32", 
                "value": "\u9000\u51fa\u6536\u76ca\u7387"
            }, 
            {
                "rid": "irr_col1_row32", 
                "value": 0.06
            }, 
            {
                "value": ""
            }, 
            {
                "value": ""
            }, 
            {
                "value": ""
            }, 
            {
                "value": ""
            }, 
            {
                "value": ""
            }, 
            {
                "value": ""
            }, 
            {
                "value": ""
            }, 
            {
                "value": ""
            }, 
            {
                "value": ""
            }, 
            {
                "rid": "irr_col11_row32", 
                "value": 289174.5762288
            }
        ]
    }, 
    {
        "values": [
            {
                "rid": "irr_col0_row33", 
                "value": "\u9000\u51fa\u8d39\u7528"
            }, 
            {
                "rid": "irr_col1_row33", 
                "value": 0.01
            }, 
            {
                "value": ""
            }, 
            {
                "value": ""
            }, 
            {
                "value": ""
            }, 
            {
                "value": ""
            }, 
            {
                "value": ""
            }, 
            {
                "value": ""
            }, 
            {
                "value": ""
            }, 
            {
                "value": ""
            }, 
            {
                "value": ""
            }, 
            {
                "rid": "irr_col11_row33", 
                "value": 2891.745762288
            }
        ]
    }, 
    {
        "values": [
            {
                "rid": "irr_col0_row34", 
                "value": " \u9000\u51fa\u6536\u76ca"
            }, 
            {
                "rid": "irr_col1_row34", 
                "value": 4.98959199781288
            }, 
            {
                "value": ""
            }, 
            {
                "value": ""
            }, 
            {
                "value": ""
            }, 
            {
                "value": ""
            }, 
            {
                "value": ""
            }, 
            {
                "value": ""
            }, 
            {
                "value": ""
            }, 
            {
                "value": ""
            }, 
            {
                "value": ""
            }, 
            {
                "rid": "irr_col11_row34", 
                "value": 286282.830466512
            }
        ]
    }, 
    {
        "values": [
            {
                "rid": "irr_col0_row35", 
                "value": "\u65e0\u6760\u6746\u73b0\u91d1\u6d41"
            }, 
            {
                "rid": "irr_col1_row35", 
                "value": -110400.0
            }, 
            {
                "rid": "irr_col2_row35", 
                "value": 6618.92304388
            }, 
            {
                "rid": "irr_col3_row35", 
                "value": 7359.418507072
            }, 
            {
                "rid": "irr_col4_row35", 
                "value": 7865.80194732
            }, 
            {
                "rid": "irr_col5_row35", 
                "value": 8993.02904376
            }, 
            {
                "rid": "irr_col6_row35", 
                "value": 9486.3235614
            }, 
            {
                "rid": "irr_col7_row35", 
                "value": 11029.110401952
            }, 
            {
                "rid": "irr_col8_row35", 
                "value": 12378.728642472
            }, 
            {
                "rid": "irr_col9_row35", 
                "value": 13893.08558652
            }, 
            {
                "rid": "irr_col10_row35", 
                "value": 15437.038809816
            }, 
            {
                "rid": "irr_col11_row35", 
                "value": 303633.30504024
            }
        ]
    }, 
    {
        "values": [
            {
                "rid": "irr_col0_row36", 
                "value": "\u51c0\u56de\u62a5\u7387"
            }, 
            {
                "value": ""
            }, 
            {
                "rid": "irr_col2_row36", 
                "value": 0.0599540130786232
            }, 
            {
                "rid": "irr_col3_row36", 
                "value": 0.0666613995205797
            }, 
            {
                "rid": "irr_col4_row36", 
                "value": 0.0712482060445652
            }, 
            {
                "rid": "irr_col5_row36", 
                "value": 0.0814585964108696
            }, 
            {
                "rid": "irr_col6_row36", 
                "value": 0.0859268438532609
            }, 
            {
                "rid": "irr_col7_row36", 
                "value": 0.0999013623365217
            }, 
            {
                "rid": "irr_col8_row36", 
                "value": 0.112126165239783
            }, 
            {
                "rid": "irr_col9_row36", 
                "value": 0.125843166544565
            }, 
            {
                "rid": "irr_col10_row36", 
                "value": 0.139828250088913
            }, 
            {
                "rid": "irr_col11_row36", 
                "value": 0.157160095776522
            }
        ]
    }, 
    {
        "values": [
            {
                "rid": "irr_col0_row37", 
                "value": "\u65e0\u6760\u6746\u5185\u90e8\u6536\u76ca\u7387"
            }, 
            {
                "rid": "irr_col1_row37", 
                "value": 0.161745568440581
            }, 
            {
                "value": ""
            }, 
            {
                "value": ""
            }, 
            {
                "value": ""
            }, 
            {
                "value": ""
            }, 
            {
                "value": ""
            }, 
            {
                "value": ""
            }, 
            {
                "value": ""
            }, 
            {
                "value": ""
            }, 
            {
                "value": ""
            }, 
            {
                "value": ""
            }
        ]
    }, 
    {
        "values": [
            {
                "rid": "irr_col0_row38", 
                "value": "\u65e0\u6760\u6746\u5229\u6da6"
            }, 
            {
                "rid": "irr_col1_row38", 
                "value": 286294.764584432
            }, 
            {
                "value": ""
            }, 
            {
                "value": ""
            }, 
            {
                "value": ""
            }, 
            {
                "value": ""
            }, 
            {
                "value": ""
            }, 
            {
                "value": ""
            }, 
            {
                "value": ""
            }, 
            {
                "value": ""
            }, 
            {
                "value": ""
            }, 
            {
                "value": ""
            }
        ]
    }, 
    {
        "values": [
            {
                "rid": "irr_col0_row39", 
                "value": "\u4eba\u6c11\u5e01\u5229\u6da6\u500d\u6570"
            }, 
            {
                "rid": "irr_col1_row39", 
                "value": 2.59324967920681
            }, 
            {
                "value": ""
            }, 
            {
                "value": ""
            }, 
            {
                "value": ""
            }, 
            {
                "value": ""
            }, 
            {
                "value": ""
            }, 
            {
                "value": ""
            }, 
            {
                "value": ""
            }, 
            {
                "value": ""
            }, 
            {
                "value": ""
            }, 
            {
                "value": ""
            }
        ]
    }, 
    {
        "values": [
            {
                "rid": "irr_col0_row40", 
                "value": "\u6760\u6746\u73b0\u91d1\u6d41"
            }, 
            {
                "value": ""
            }, 
            {
                "value": ""
            }, 
            {
                "value": ""
            }, 
            {
                "value": ""
            }, 
            {
                "value": ""
            }, 
            {
                "value": ""
            }, 
            {
                "value": ""
            }, 
            {
                "value": ""
            }, 
            {
                "value": ""
            }, 
            {
                "value": ""
            }, 
            {
                "value": ""
            }
        ]
    }, 
    {
        "values": [
            {
                "rid": "irr_col0_row41", 
                "value": "\u5f53\u5e74\u4f30\u503c\uff08\u4e07\uff09"
            }, 
            {
                "rid": "irr_col1_row41", 
                "value": 0.06
            }, 
            {
                "rid": "irr_col2_row41", 
                "value": 122656.975117867
            }, 
            {
                "rid": "irr_col3_row41", 
                "value": 131096.699122
            }, 
            {
                "rid": "irr_col4_row41", 
                "value": 149883.817396
            }, 
            {
                "rid": "irr_col5_row41", 
                "value": 158105.39269
            }, 
            {
                "rid": "irr_col6_row41", 
                "value": 183818.5066992
            }, 
            {
                "rid": "irr_col7_row41", 
                "value": 206312.1440412
            }, 
            {
                "rid": "irr_col8_row41", 
                "value": 231551.426442
            }, 
            {
                "rid": "irr_col9_row41", 
                "value": 257283.9801636
            }, 
            {
                "rid": "irr_col10_row41", 
                "value": 289174.5762288
            }, 
            {
                "rid": "irr_col11_row41", 
                "value": 0.0
            }
        ]
    }, 
    {
        "values": [
            {
                "rid": "irr_col0_row42", 
                "value": "\u8d37\u6b3e\u5e74\u6570"
            }, 
            {
                "rid": "irr_col1_row42", 
                "value": 10.0
            }, 
            {
                "value": ""
            }, 
            {
                "value": ""
            }, 
            {
                "value": ""
            }, 
            {
                "value": ""
            }, 
            {
                "value": ""
            }, 
            {
                "value": ""
            }, 
            {
                "value": ""
            }, 
            {
                "value": ""
            }, 
            {
                "value": ""
            }, 
            {
                "value": ""
            }
        ]
    }, 
    {
        "values": [
            {
                "rid": "irr_col0_row43", 
                "value": "\u8d37\u6b3e\u989d (% of PP)"
            }, 
            {
                "rid": "irr_col1_row43", 
                "value": 0.5
            }, 
            {
                "rid": "irr_col2_row43", 
                "value": 61328.4875589333
            }, 
            {
                "value": ""
            }, 
            {
                "value": ""
            }, 
            {
                "value": ""
            }, 
            {
                "value": ""
            }, 
            {
                "value": ""
            }, 
            {
                "value": ""
            }, 
            {
                "value": ""
            }, 
            {
                "value": ""
            }, 
            {
                "value": ""
            }
        ]
    }, 
    {
        "values": [
            {
                "rid": "irr_col0_row44", 
                "value": "\u501f\u6b3e\u8d39\u7528 % "
            }, 
            {
                "rid": "irr_col1_row44", 
                "value": 0.01
            }, 
            {
                "value": ""
            }, 
            {
                "value": ""
            }, 
            {
                "value": ""
            }, 
            {
                "value": ""
            }, 
            {
                "value": ""
            }, 
            {
                "value": ""
            }, 
            {
                "value": ""
            }, 
            {
                "value": ""
            }, 
            {
                "value": ""
            }, 
            {
                "value": ""
            }
        ]
    }, 
    {
        "values": [
            {
                "rid": "irr_col0_row45", 
                "value": "\u8d37\u6b3e\u91d1\u989d"
            }, 
            {
                "rid": "irr_col1_row45", 
                "value": -61328.4875589333
            }, 
            {
                "rid": "irr_col2_row45", 
                "value": -61328.4875589333
            }, 
            {
                "rid": "irr_col3_row45", 
                "value": -61328.4875589333
            }, 
            {
                "rid": "irr_col4_row45", 
                "value": -61328.4875589333
            }, 
            {
                "rid": "irr_col5_row45", 
                "value": -61328.4875589333
            }, 
            {
                "rid": "irr_col6_row45", 
                "value": -61328.4875589333
            }, 
            {
                "rid": "irr_col7_row45", 
                "value": -61328.4875589333
            }, 
            {
                "rid": "irr_col8_row45", 
                "value": -61328.4875589333
            }, 
            {
                "rid": "irr_col9_row45", 
                "value": -61328.4875589333
            }, 
            {
                "rid": "irr_col10_row45", 
                "value": -61328.4875589333
            }, 
            {
                "rid": "irr_col11_row45", 
                "value": -61328.4875589333
            }
        ]
    }, 
    {
        "values": [
            {
                "rid": "irr_col0_row46", 
                "value": "\u6309\u63ed\u73b0\u91d1\u6d41"
            }, 
            {
                "value": ""
            }, 
            {
                "value": ""
            }, 
            {
                "value": ""
            }, 
            {
                "value": ""
            }, 
            {
                "value": ""
            }, 
            {
                "value": ""
            }, 
            {
                "value": ""
            }, 
            {
                "value": ""
            }, 
            {
                "value": ""
            }, 
            {
                "value": ""
            }, 
            {
                "value": ""
            }
        ]
    }, 
    {
        "values": [
            {
                "rid": "irr_col0_row47", 
                "value": "\u9000\u51fa\u65f6\u8fd8\u503a"
            }, 
            {
                "value": ""
            }, 
            {
                "value": ""
            }, 
            {
                "value": ""
            }, 
            {
                "value": ""
            }, 
            {
                "value": ""
            }, 
            {
                "value": ""
            }, 
            {
                "value": ""
            }, 
            {
                "value": ""
            }, 
            {
                "value": ""
            }, 
            {
                "value": ""
            }, 
            {
                "rid": "irr_col11_row47", 
                "value": -61328.4875589333
            }
        ]
    }, 
    {
        "values": [
            {
                "rid": "irr_col0_row48", 
                "value": "\u5c3e\u671f\u4f59\u989d"
            }, 
            {
                "rid": "irr_col1_row48", 
                "value": -61328.4875589333
            }, 
            {
                "rid": "irr_col2_row48", 
                "value": -61328.4875589333
            }, 
            {
                "rid": "irr_col3_row48", 
                "value": -61328.4875589333
            }, 
            {
                "rid": "irr_col4_row48", 
                "value": -61328.4875589333
            }, 
            {
                "rid": "irr_col5_row48", 
                "value": -61328.4875589333
            }, 
            {
                "rid": "irr_col6_row48", 
                "value": -61328.4875589333
            }, 
            {
                "rid": "irr_col7_row48", 
                "value": -61328.4875589333
            }, 
            {
                "rid": "irr_col8_row48", 
                "value": -61328.4875589333
            }, 
            {
                "rid": "irr_col9_row48", 
                "value": -61328.4875589333
            }, 
            {
                "rid": "irr_col10_row48", 
                "value": -61328.4875589333
            }, 
            {
                "rid": "irr_col11_row48", 
                "value": -61328.4875589333
            }
        ]
    }, 
    {
        "values": [
            {
                "rid": "irr_col0_row49", 
                "value": "\u8d37\u6b3e\u5229\u606f"
            }, 
            {
                "rid": "irr_col1_row49", 
                "value": 0.0773598296664301
            }, 
            {
                "rid": "irr_col2_row49", 
                "value": -4744.36135125886
            }, 
            {
                "rid": "irr_col3_row49", 
                "value": -4744.36135125886
            }, 
            {
                "rid": "irr_col4_row49", 
                "value": -4744.36135125886
            }, 
            {
                "rid": "irr_col5_row49", 
                "value": -4744.36135125886
            }, 
            {
                "rid": "irr_col6_row49", 
                "value": -4744.36135125886
            }, 
            {
                "rid": "irr_col7_row49", 
                "value": -4744.36135125886
            }, 
            {
                "rid": "irr_col8_row49", 
                "value": -4744.36135125886
            }, 
            {
                "rid": "irr_col9_row49", 
                "value": -4744.36135125886
            }, 
            {
                "rid": "irr_col10_row49", 
                "value": -4744.36135125886
            }, 
            {
                "rid": "irr_col11_row49", 
                "value": -4744.36135125886
            }
        ]
    }, 
    {
        "values": [
            {
                "rid": "irr_col0_row50", 
                "value": "\u6760\u6746\u73b0\u91d1\u6d41"
            }, 
            {
                "rid": "irr_col1_row50", 
                "value": -49071.5124410667
            }, 
            {
                "rid": "irr_col2_row50", 
                "value": 1874.56169262114
            }, 
            {
                "rid": "irr_col3_row50", 
                "value": 2615.05715581314
            }, 
            {
                "rid": "irr_col4_row50", 
                "value": 3121.44059606114
            }, 
            {
                "rid": "irr_col5_row50", 
                "value": 4248.66769250114
            }, 
            {
                "rid": "irr_col6_row50", 
                "value": 4741.96221014114
            }, 
            {
                "rid": "irr_col7_row50", 
                "value": 6284.74905069314
            }, 
            {
                "rid": "irr_col8_row50", 
                "value": 7634.36729121314
            }, 
            {
                "rid": "irr_col9_row50", 
                "value": 9148.72423526114
            }, 
            {
                "rid": "irr_col10_row50", 
                "value": 10692.6774585571
            }, 
            {
                "rid": "irr_col11_row50", 
                "value": 360217.431247915
            }
        ]
    }, 
    {
        "values": [
            {
                "rid": "irr_col0_row51", 
                "value": "\u51c0\u56de\u62a5\u7387"
            }, 
            {
                "rid": "irr_col1_row51", 
                "value": 0.1256
            }, 
            {
                "rid": "irr_col2_row51", 
                "value": -0.0966825988287337
            }, 
            {
                "rid": "irr_col3_row51", 
                "value": 0.0532907388773423
            }, 
            {
                "rid": "irr_col4_row51", 
                "value": 0.0636100344331121
            }, 
            {
                "rid": "irr_col5_row51", 
                "value": 0.0865811441537217
            }, 
            {
                "rid": "irr_col6_row51", 
                "value": 0.0966337081180468
            }, 
            {
                "rid": "irr_col7_row51", 
                "value": 0.128073269766057
            }, 
            {
                "rid": "irr_col8_row51", 
                "value": 0.155576360120992
            }, 
            {
                "rid": "irr_col9_row51", 
                "value": 0.186436565334082
            }, 
            {
                "rid": "irr_col10_row51", 
                "value": 0.217899896022131
            }, 
            {
                "rid": "irr_col11_row51", 
                "value": 0.19796348180317
            }
        ]
    }, 
    {
        "values": [
            {
                "rid": "irr_col0_row52", 
                "value": "\u6760\u6746\u5185\u90e8\u6536\u76ca\u7387"
            }, 
            {
                "rid": "irr_col1_row52", 
                "value": 0.261130754760058
            }, 
            {
                "value": ""
            }, 
            {
                "value": ""
            }, 
            {
                "value": ""
            }, 
            {
                "value": ""
            }, 
            {
                "value": ""
            }, 
            {
                "value": ""
            }, 
            {
                "value": ""
            }, 
            {
                "value": ""
            }, 
            {
                "value": ""
            }, 
            {
                "value": ""
            }
        ]
    }, 
    {
        "values": [
            {
                "rid": "irr_col0_row53", 
                "value": "\u65e0\u6760\u6746\u5229\u6da6"
            }, 
            {
                "rid": "irr_col1_row53", 
                "value": 361508.12618971
            }, 
            {
                "value": ""
            }, 
            {
                "value": ""
            }, 
            {
                "value": ""
            }, 
            {
                "value": ""
            }, 
            {
                "value": ""
            }, 
            {
                "value": ""
            }, 
            {
                "value": ""
            }, 
            {
                "value": ""
            }, 
            {
                "value": ""
            }, 
            {
                "value": ""
            }
        ]
    }, 
    {
        "values": [
            {
                "rid": "irr_col0_row54", 
                "value": "\u4eba\u6c11\u5e01\u5229\u6da6\u500d\u6570"
            }, 
            {
                "rid": "irr_col1_row54", 
                "value": 7.36696523515288
            }, 
            {
                "value": ""
            }, 
            {
                "value": ""
            }, 
            {
                "value": ""
            }, 
            {
                "value": ""
            }, 
            {
                "value": ""
            }, 
            {
                "value": ""
            }, 
            {
                "value": ""
            }, 
            {
                "value": ""
            }, 
            {
                "value": ""
            }, 
            {
                "value": ""
            }
        ]
    }
]