{
  "projects":[{
    "name":"一号项目",
    "proportion":"50,462.01",
    "proportionType":"套内面积",
    "openRate":"89.12%",
    "income":435.88,
    "irr":"6.12%",
    "complete":"90.32%",
    "noi":{
        "monthly":216.57,
        "yearly":"2,652.32"
    },
    "asset":{
      "value":"45,569",
      "rate":"5.82%"
    },
    "pm":{
      "name":"王总",
      "title":"营运负责人",
      "figure":"male.png",
      "teamNum":12,
      "contact":"email",
      "resume":"/"
    },
    "position":"上海七宝"
  }
  ]
}