[
    {
       "rentCount":{
           "affect_position": [
               {
                   "name":"区域属性",
                   "weight":"0.08",
                   "projects":[
                       {
                           "name":"项目A",
                           "value":7,
                           "description":"地处闵行七宝，离市区较远"
                       },
                       {
                           "name":"项目B",
                           "value":7,
                           "description":"地处闵行七宝，离市区较远"
                       },
                       {
                           "name":"项目C",
                           "value":10,
                           "description":"位于市中心人民广场附件，地理位置极佳"
                       },
                       {
                           "name":"本项目",
                           "value":"",
                           "description":""
                       }
                   ]
               },
               {
                   "name":"交通通达性",
                   "weight":"0.12",
                   "projects":[
                       {
                           "name":"项目A",
                           "value":8,
                           "description":"距离七宝地铁站和公交站一段距离，交通比较便利"
                       },
                       {
                           "name":"项目B",
                           "value":9,
                           "description":"位于七宝地铁口，交通极其便利"
                       },
                       {
                           "name":"项目C",
                           "value":10,
                           "description":"位于人民广场地铁口，交通极其便利"
                       },
                       {
                           "name":"本项目",
                           "value":"",
                           "description":""
                       }
                   ]
               },
               {
                   "name":"配套完善度",
                   "weight":"0.08",
                   "projects":[
                       {
                           "name":"项目A",
                           "value":8,
                           "description":"地处七宝成熟商圈，配套较完善"
                       },
                       {
                           "name":"项目B",
                           "value":8,
                           "description":"地处七宝成熟商圈，配套较完善"
                       },
                       {
                           "name":"项目C",
                           "value":9,
                           "description":"地处人民广场商圈，配套完善"
                       },
                       {
                           "name":"本项目",
                           "value":"",
                           "description":""
                       }
                   ]
               },
               {
                   "name":"人口条件",
                   "weight":"0.15",
                   "projects":[
                       {
                           "name":"项目A",
                           "value":8,
                           "description":"周边小区多，人口密集"
                       },
                       {
                           "name":"项目B",
                           "value":8,
                           "description":"周边小区多，人口密集"
                       },
                       {
                           "name":"项目C",
                           "value":9,
                           "description":"位于市区黄金地段，人流量极大"
                       },
                       {
                           "name":"本项目",
                           "value":"",
                           "description":""
                       }
                   ]
               }
            ],
           "affect_product":[
               {
                   "name":"店型优势",
                   "weight":"0.07",
                   "projects":[
                       {
                           "name":"项目A",
                           "value":8,
                           "description":""
                       },
                       {
                           "name":"项目B",
                           "value":7,
                           "description":""
                       },
                       {
                           "name":"项目C",
                           "value":7,
                           "description":""
                       },
                       {
                           "name":"本项目",
                           "value":"",
                           "description":""
                       }
                   ]
               },
               {
                   "name":"动线规划",
                   "weight":"0.08",
                   "projects":[
                       {
                           "name":"项目A",
                           "value":8,
                           "description":"宝龙广场动线设计较合理，人流移动顺畅"
                       },
                       {
                           "name":"项目B",
                           "value":8,
                           "description":"万科广场动线设计较合理，人流移动顺畅"
                       },
                       {
                           "name":"项目C",
                           "value":7,
                           "description":"来福士电梯位置较偏僻，场内移动体验较差"
                       },
                       {
                           "name":"本项目",
                           "value":"",
                           "description":""
                       }
                   ]
               },
               {
                   "name":"硬件档次",
                   "weight":"0.05",
                   "projects":[
                       {
                           "name":"项目A",
                           "value":9,
                           "description":"硬件配套完善，设备全新，配有当下热门的室内wifi，导购屏等"
                       },
                       {
                           "name":"项目B",
                           "value":9,
                           "description":"硬件配套完善，设备全新，配有当下热门的室内wifi，导购屏等"
                       },
                       {
                           "name":"项目C",
                           "value":7,
                           "description":"属较老广场，硬件设施陈旧落后"
                       },
                       {
                           "name":"本项目",
                           "value":"",
                           "description":""
                       }
                   ]
               },
               {
                   "name":"停车位置量",
                   "weight":"0.05",
                   "projects":[
                       {
                           "name":"项目A",
                           "value":9,
                           "description":"停车位充裕"
                       },
                       {
                           "name":"项目B",
                           "value":9,
                           "description":"停车位充裕"
                       },
                       {
                           "name":"项目C",
                           "value":7,
                           "description":"车位紧张"
                       },
                       {
                           "name":"本项目",
                           "value":"",
                           "description":""
                       }
                   ]
               }
           ],
           "affect_others":[
               {
                   "name":"租户品质",
                   "weight":"0.12",
                   "projects":[
                       {
                           "name":"项目A",
                           "value":8,
                           "description":"有较多知名品牌"
                       },
                       {
                           "name":"项目B",
                           "value":8,
                           "description":"有较多知名品牌"
                       },
                       {
                           "name":"项目C",
                           "value":9,
                           "description":"知名品牌多，很多年轻人喜欢的潮牌及一些奢侈品品牌"
                       },
                       {
                           "name":"本项目",
                           "value":"",
                           "description":""
                       }
                   ]
               },
               {
                   "name":"企业品牌度",
                   "weight":"0.10",
                   "projects":[
                       {
                           "name":"项目A",
                           "value":8,
                           "description":"国内知名商业地产，品牌度较好"
                       },
                       {
                           "name":"项目B",
                           "value":9,
                           "description":"国内名列前茅品牌"
                       },
                       {
                           "name":"项目C",
                           "value":8,
                           "description":"知名度较高，但有一定的地域局限性"
                       },
                       {
                           "name":"本项目",
                           "value":"",
                           "description":""
                       }
                   ]
               },
               {
                   "name":"免租期",
                   "weight":"0.07",
                   "projects":[
                       {
                           "name":"项目A",
                           "value":8,
                           "description":""
                       },
                       {
                           "name":"项目B",
                           "value":8,
                           "description":""
                       },
                       {
                           "name":"项目C",
                           "value":6,
                           "description":""
                       },
                       {
                           "name":"本项目",
                           "value":"",
                           "description":""
                       }
                   ]
               }
           ],
           "affect_count":[
               {
                   "name":"因素权重打分小计",
                   "value":"1",
                   "projects":[
                       {
                           "name":"项目A",
                           "value":8.05,
                           "description":""
                       },
                       {
                           "name":"项目B",
                           "value":8.20,
                           "description":""
                       },
                       {
                           "name":"项目C",
                           "value":8.33,
                           "description":""
                       },
                       {
                           "name":"本项目",
                           "value":"",
                           "description":""
                       }
                   ]
               },
               {
                   "name":"参考租金（元/平米/月）GLA",
                   "value":"",
                   "projects":[
                       {
                           "name":"项目A",
                           "value":"",
                           "description":""
                       },
                       {
                           "name":"项目B",
                           "value":"",
                           "description":""
                       },
                       {
                           "name":"项目C",
                           "value":"",
                           "description":""
                       },
                       {
                           "name":"本项目",
                           "value":"",
                           "description":""
                       }
                   ]
               },
               {
                   "name":"参考权重（近似的比重高）",
                   "weight":"",
                   "projects":[
                       {
                           "name":"项目A",
                           "value":"",
                           "description":""
                       },
                       {
                           "name":"项目B",
                           "value":"",
                           "description":""
                       },
                       {
                           "name":"项目C",
                           "value":"",
                           "description":""
                       },
                       {
                           "name":"本项目",
                           "value":"",
                           "description":""
                       }
                   ]
               }
           ]
       },
        "discount":"",
        "rent_increase":[
            {
                "name":"主力店",
                "value":[
                    {"2016":0.048},
                    {"2017":0.0496},
                    {"2018":0.052},
                    {"2019":0.0497},
                    {"2020":0.0507}
                ]
            },
            {
                "name":"次主力店",
                "value":[
                    {"2016":0.048},
                    {"2017":0.0496},
                    {"2018":0.052},
                    {"2019":0.0497},
                    {"2020":0.0507}
                ]
            },
            {
                "name":"中小店铺",
                "value":[
                    {"2016":0.0198},
                    {"2017":0.0499},
                    {"2018":0.1510},
                    {"2019":0.0499},
                    {"2020":0}
                ]
            }
        ],
        "ratios":{
            "area":[
                {"name":"0-20","value":2},
                {"name":"20-50","value":1.7},
                {"name":"50-100","value":1.2},
                {"name":"100-200","value":1},
                {"name":"200-300","value":0.8},
                {"name":"300-500","value":0.7},
                {"name":"500-800","value":0.5},
                {"name":"800-1000","value":0.5},
                {"name":"1000以上","value":0.5}
            ],
            "floors":[
                {"name":"F1","value":1},
                {"name":"F2","value":0.6},
                {"name":"F3","value":0.4},
                {"name":"F4","value":0.4}
            ],
            "position":[
                {"name":"主入口","value":1.5},
                {"name":"主立面外街","value":1.3},
                {"name":"次入口","value":1.3},
                {"name":"主通道","value":1},
                {"name":"侧面外街","value":1},
                {"name":"后街","value":0.9}
            ]
        }

    }
]